{
  "task_name": "RG11 + Dynamic + Strip n__test_original_nondrone_noempty",
  "model_family": "ablation",
  "model_name": "RG11 + Dynamic + Strip n",
  "scale": "n",
  "dataset_protocol": "original_nondrone_noempty",
  "split": "test",
  "weight_path": "runs_final/deduped_runs/rdd2022_nondrone_nonempty_rg_dynamic_strip/rg_dynamic_strip_yolo11n_nondrone_nonempty/weights/best.pt",
  "save_dir": "/root/autodl-tmp/source_only_clean_20260401/runs_final/local_retest/final_eval/rg_dynamic_strip_yolo11n_nondrone_nonempty__test_original_nondrone_noempty",
  "overall": {
    "metrics/precision(B)": 0.674847597385634,
    "metrics/recall(B)": 0.6093559201186447,
    "metrics/mAP50(B)": 0.6475413001034245,
    "metrics/mAP50-95(B)": 0.35852793205492695,
    "fitness": 0.35852793205492695
  },
  "per_class": [
    {
      "Class": "D00",
      "Images": 1915,
      "Instances": 3693,
      "Box-P": 0.671584,
      "Box-R": 0.538777,
      "Box-F1": 0.597895,
      "mAP50": 0.595948,
      "mAP50-95": 0.339137
    },
    {
      "Class": "D10",
      "Images": 951,
      "Instances": 1475,
      "Box-P": 0.584851,
      "Box-R": 0.533559,
      "Box-F1": 0.558029,
      "mAP50": 0.545716,
      "mAP50-95": 0.264267
    },
    {
      "Class": "D20",
      "Images": 1172,
      "Instances": 1493,
      "Box-P": 0.717852,
      "Box-R": 0.627595,
      "Box-F1": 0.669696,
      "mAP50": 0.693771,
      "mAP50-95": 0.366804
    },
    {
      "Class": "D40",
      "Images": 1008,
      "Instances": 1459,
      "Box-P": 0.725103,
      "Box-R": 0.737491,
      "Box-F1": 0.731245,
      "mAP50": 0.75473,
      "mAP50-95": 0.463904
    }
  ],
  "speed": {
    "preprocess": 0.9587877727368455,
    "inference": 2.6588665804862277,
    "loss": 0.0006177707607451418,
    "postprocess": 0.3623445422836543
  },
  "runtime_seconds": 18.723
}