{
  "task_name": "Dynamic + Strip + WIoU sfront-p5wide m__test_original_nondrone_noempty",
  "model_family": "deep_channel_sfront_p5wide_m",
  "model_name": "Dynamic + Strip + WIoU sfront-p5wide m",
  "scale": "m",
  "dataset_protocol": "original_nondrone_noempty",
  "split": "test",
  "weight_path": "runs_final/deduped_runs/rdd2022_nondrone_nonempty_rg_dynamic_region_loss_strip_wiou_sfront_p5wide_m/rg_dynamic_region_loss_strip_wiou_sfront_p5wide_m_nondrone_nonempty/weights/best.pt",
  "save_dir": "/root/autodl-tmp/source_only_clean_20260401/runs_final/local_retest/final_eval/rg_dynamic_region_loss_strip_wiou_sfront_p5wide_m_nondrone_nonempty__test_original_nondrone_noempty",
  "overall": {
    "metrics/precision(B)": 0.6827432346566908,
    "metrics/recall(B)": 0.6237902344360569,
    "metrics/mAP50(B)": 0.6597498948442215,
    "metrics/mAP50-95(B)": 0.36375281437515106,
    "fitness": 0.36375281437515106
  },
  "per_class": [
    {
      "Class": "D00",
      "Images": 1915,
      "Instances": 3693,
      "Box-P": 0.67127,
      "Box-R": 0.554563,
      "Box-F1": 0.607361,
      "mAP50": 0.606386,
      "mAP50-95": 0.339771
    },
    {
      "Class": "D10",
      "Images": 951,
      "Instances": 1475,
      "Box-P": 0.634013,
      "Box-R": 0.538305,
      "Box-F1": 0.582252,
      "mAP50": 0.563256,
      "mAP50-95": 0.269265
    },
    {
      "Class": "D20",
      "Images": 1172,
      "Instances": 1493,
      "Box-P": 0.694032,
      "Box-R": 0.651779,
      "Box-F1": 0.672242,
      "mAP50": 0.69176,
      "mAP50-95": 0.369886
    },
    {
      "Class": "D40",
      "Images": 1008,
      "Instances": 1459,
      "Box-P": 0.731658,
      "Box-R": 0.750514,
      "Box-F1": 0.740966,
      "mAP50": 0.777597,
      "mAP50-95": 0.476089
    }
  ],
  "speed": {
    "preprocess": 0.9276717137403494,
    "inference": 7.069519114820805,
    "loss": 0.00070317636893797,
    "postprocess": 0.3680793244411321
  },
  "runtime_seconds": 33.772
}