{
  "task_name": "RG11 + DCNv2 + BiFPN m__test_original_nondrone_noempty",
  "model_family": "rg11_dcn_bifpn",
  "model_name": "RG11 + DCNv2 + BiFPN m",
  "scale": "m",
  "dataset_protocol": "original_nondrone_noempty",
  "split": "test",
  "weight_path": "runs_final/deduped_runs/rdd2022_nondrone_nonempty_rg_compare/rg_dcn_bifpn_yolo11m_nondrone_nonempty/weights/best.pt",
  "save_dir": "/root/autodl-tmp/source_only_clean_20260401/runs_final/local_retest/final_eval/dcn_bifpn_m__test_original_nondrone_noempty",
  "overall": {
    "metrics/precision(B)": 0.6727041009773934,
    "metrics/recall(B)": 0.6171234308863351,
    "metrics/mAP50(B)": 0.6546984391926731,
    "metrics/mAP50-95(B)": 0.36062992136292393,
    "fitness": 0.36062992136292393
  },
  "per_class": [
    {
      "Class": "D00",
      "Images": 1915,
      "Instances": 3693,
      "Box-P": 0.6659,
      "Box-R": 0.558624,
      "Box-F1": 0.607563,
      "mAP50": 0.612393,
      "mAP50-95": 0.339941
    },
    {
      "Class": "D10",
      "Images": 951,
      "Instances": 1475,
      "Box-P": 0.636971,
      "Box-R": 0.521028,
      "Box-F1": 0.573195,
      "mAP50": 0.567523,
      "mAP50-95": 0.275256
    },
    {
      "Class": "D20",
      "Images": 1172,
      "Instances": 1493,
      "Box-P": 0.675153,
      "Box-R": 0.637642,
      "Box-F1": 0.655862,
      "mAP50": 0.681167,
      "mAP50-95": 0.362111
    },
    {
      "Class": "D40",
      "Images": 1008,
      "Instances": 1459,
      "Box-P": 0.712792,
      "Box-R": 0.751199,
      "Box-F1": 0.731492,
      "mAP50": 0.75771,
      "mAP50-95": 0.465211
    }
  ],
  "speed": {
    "preprocess": 0.4947381088642189,
    "inference": 13.133578186862358,
    "loss": 0.0023490519606026556,
    "postprocess": 0.4602935368126432
  },
  "runtime_seconds": 86.039
}