{
  "task_name": "Dynamic + Strip + WIoU m__test_original_nondrone_noempty",
  "model_family": "rg11_dynamic_strip_wiou",
  "model_name": "Dynamic + Strip + WIoU m",
  "scale": "m",
  "dataset_protocol": "original_nondrone_noempty",
  "split": "test",
  "weight_path": "runs_final/deduped_runs/rdd2022_nondrone_nonempty_rg_dynamic_region_loss_strip_wiou/rg_dynamic_region_loss_strip_wiou_yolo11m_nondrone_nonempty/weights/best.pt",
  "save_dir": "/root/autodl-tmp/source_only_clean_20260401/runs_final/local_retest/final_eval/dynamic_strip_wiou_m__test_original_nondrone_noempty",
  "overall": {
    "metrics/precision(B)": 0.6714433798652287,
    "metrics/recall(B)": 0.6328093667122052,
    "metrics/mAP50(B)": 0.6570003639062953,
    "metrics/mAP50-95(B)": 0.36199229883657935,
    "fitness": 0.36199229883657935
  },
  "per_class": [
    {
      "Class": "D00",
      "Images": 1915,
      "Instances": 3693,
      "Box-P": 0.663712,
      "Box-R": 0.570268,
      "Box-F1": 0.613452,
      "mAP50": 0.61825,
      "mAP50-95": 0.345241
    },
    {
      "Class": "D10",
      "Images": 951,
      "Instances": 1475,
      "Box-P": 0.604608,
      "Box-R": 0.562034,
      "Box-F1": 0.582544,
      "mAP50": 0.547412,
      "mAP50-95": 0.26095
    },
    {
      "Class": "D20",
      "Images": 1172,
      "Instances": 1493,
      "Box-P": 0.684965,
      "Box-R": 0.64568,
      "Box-F1": 0.664743,
      "mAP50": 0.6922,
      "mAP50-95": 0.36893
    },
    {
      "Class": "D40",
      "Images": 1008,
      "Instances": 1459,
      "Box-P": 0.732488,
      "Box-R": 0.753256,
      "Box-F1": 0.742727,
      "mAP50": 0.770139,
      "mAP50-95": 0.472849
    }
  ],
  "speed": {
    "preprocess": 0.9329643288183157,
    "inference": 15.011674793809215,
    "loss": 0.0006985235751967159,
    "postprocess": 0.3660724972449483
  },
  "runtime_seconds": 60.757
}