{
  "task_name": "RG11s__test_original_nondrone_noempty",
  "model_family": "rg11_original",
  "model_name": "RG11s",
  "scale": "s",
  "dataset_protocol": "original_nondrone_noempty",
  "split": "test",
  "weight_path": "runs_final/deduped_runs/rdd2022_nondrone_nonempty_rg_compare/rg_original_yolo11s_nondrone_nonempty/weights/best.pt",
  "save_dir": "/root/autodl-tmp/source_only_clean_20260401/runs_final/local_retest/final_eval/original_s__test_original_nondrone_noempty",
  "overall": {
    "metrics/precision(B)": 0.6901136405375778,
    "metrics/recall(B)": 0.6205690349958575,
    "metrics/mAP50(B)": 0.6588993214365397,
    "metrics/mAP50-95(B)": 0.36445070980285477,
    "fitness": 0.36445070980285477
  },
  "per_class": [
    {
      "Class": "D00",
      "Images": 1915,
      "Instances": 3693,
      "Box-P": 0.670886,
      "Box-R": 0.561874,
      "Box-F1": 0.61156,
      "mAP50": 0.61321,
      "mAP50-95": 0.343944
    },
    {
      "Class": "D10",
      "Images": 951,
      "Instances": 1475,
      "Box-P": 0.648525,
      "Box-R": 0.515392,
      "Box-F1": 0.574344,
      "mAP50": 0.558101,
      "mAP50-95": 0.269233
    },
    {
      "Class": "D20",
      "Images": 1172,
      "Instances": 1493,
      "Box-P": 0.716428,
      "Box-R": 0.649699,
      "Box-F1": 0.681433,
      "mAP50": 0.696305,
      "mAP50-95": 0.370724
    },
    {
      "Class": "D40",
      "Images": 1008,
      "Instances": 1459,
      "Box-P": 0.724616,
      "Box-R": 0.755312,
      "Box-F1": 0.739646,
      "mAP50": 0.767981,
      "mAP50-95": 0.473902
    }
  ],
  "speed": {
    "preprocess": 0.925043003124037,
    "inference": 5.699286477418761,
    "loss": 0.0006383711577998174,
    "postprocess": 0.3692299437474003
  },
  "runtime_seconds": 33.559
}