{
  "task_name": "RG11 sfront-p5wide m__test_original_nondrone_noempty",
  "model_family": "deep_channel_sfront_p5wide_m",
  "model_name": "RG11 sfront-p5wide m",
  "scale": "m",
  "dataset_protocol": "original_nondrone_noempty",
  "split": "test",
  "weight_path": "runs_final/deduped_runs/rdd2022_nondrone_nonempty_rg_compare_sfront_p5wide_m/rg_original_sfront_p5wide_m_nondrone_nonempty2/weights/best.pt",
  "save_dir": "/root/autodl-tmp/source_only_clean_20260401/runs_final/local_retest/final_eval/rg_original_sfront_p5wide_m_nondrone_nonempty2__test_original_nondrone_noempty",
  "overall": {
    "metrics/precision(B)": 0.6945596836891751,
    "metrics/recall(B)": 0.6191540538683373,
    "metrics/mAP50(B)": 0.6639299858958313,
    "metrics/mAP50-95(B)": 0.3668774287990136,
    "fitness": 0.3668774287990136
  },
  "per_class": [
    {
      "Class": "D00",
      "Images": 1915,
      "Instances": 3693,
      "Box-P": 0.679185,
      "Box-R": 0.554021,
      "Box-F1": 0.610252,
      "mAP50": 0.612247,
      "mAP50-95": 0.34565
    },
    {
      "Class": "D10",
      "Images": 951,
      "Instances": 1475,
      "Box-P": 0.660117,
      "Box-R": 0.531962,
      "Box-F1": 0.589151,
      "mAP50": 0.577414,
      "mAP50-95": 0.280373
    },
    {
      "Class": "D20",
      "Images": 1172,
      "Instances": 1493,
      "Box-P": 0.706318,
      "Box-R": 0.649029,
      "Box-F1": 0.676462,
      "mAP50": 0.703114,
      "mAP50-95": 0.371499
    },
    {
      "Class": "D40",
      "Images": 1008,
      "Instances": 1459,
      "Box-P": 0.732619,
      "Box-R": 0.741604,
      "Box-F1": 0.737084,
      "mAP50": 0.762945,
      "mAP50-95": 0.469988
    }
  ],
  "speed": {
    "preprocess": 0.9417783743939206,
    "inference": 6.9141068409061175,
    "loss": 0.0006494979255717612,
    "postprocess": 0.36708449734255943
  },
  "runtime_seconds": 33.243
}