{
  "task_name": "RG11 + DCNv2 + BiFPN sfront-p5wide m__test_original_nondrone_noempty",
  "model_family": "deep_channel_sfront_p5wide_m",
  "model_name": "RG11 + DCNv2 + BiFPN sfront-p5wide m",
  "scale": "m",
  "dataset_protocol": "original_nondrone_noempty",
  "split": "test",
  "weight_path": "runs_final/deduped_runs/rdd2022_nondrone_nonempty_rg_compare_sfront_p5wide_m/rg_dcn_bifpn_sfront_p5wide_m_nondrone_nonempty/weights/best.pt",
  "save_dir": "/root/autodl-tmp/source_only_clean_20260401/runs_final/local_retest/final_eval/rg_dcn_bifpn_sfront_p5wide_m_nondrone_nonempty__test_original_nondrone_noempty",
  "overall": {
    "metrics/precision(B)": 0.6906419327498151,
    "metrics/recall(B)": 0.6211885494524283,
    "metrics/mAP50(B)": 0.6619375246050689,
    "metrics/mAP50-95(B)": 0.3647760722398942,
    "fitness": 0.3647760722398942
  },
  "per_class": [
    {
      "Class": "D00",
      "Images": 1915,
      "Instances": 3693,
      "Box-P": 0.681904,
      "Box-R": 0.558354,
      "Box-F1": 0.613975,
      "mAP50": 0.617067,
      "mAP50-95": 0.342771
    },
    {
      "Class": "D10",
      "Images": 951,
      "Instances": 1475,
      "Box-P": 0.630865,
      "Box-R": 0.52678,
      "Box-F1": 0.574143,
      "mAP50": 0.571283,
      "mAP50-95": 0.274702
    },
    {
      "Class": "D20",
      "Images": 1172,
      "Instances": 1493,
      "Box-P": 0.702864,
      "Box-R": 0.64568,
      "Box-F1": 0.67306,
      "mAP50": 0.691611,
      "mAP50-95": 0.371444
    },
    {
      "Class": "D40",
      "Images": 1008,
      "Instances": 1459,
      "Box-P": 0.746934,
      "Box-R": 0.753941,
      "Box-F1": 0.750421,
      "mAP50": 0.76779,
      "mAP50-95": 0.470188
    }
  ],
  "speed": {
    "preprocess": 0.9169616776299742,
    "inference": 7.027263576890477,
    "loss": 0.0006512940087092153,
    "postprocess": 0.36536941144399354
  },
  "runtime_seconds": 33.558
}