{
  "task_name": "RG11 + Strip + WIoU m__test_original_nondrone_noempty",
  "model_family": "rg11_strip_wiou",
  "model_name": "RG11 + Strip + WIoU m",
  "scale": "m",
  "dataset_protocol": "original_nondrone_noempty",
  "split": "test",
  "weight_path": "runs_final/deduped_runs/rdd2022_nondrone_nonempty_rg_strip_wiou/rg_strip_wiou_yolo11m_nondrone_nonempty/weights/best.pt",
  "save_dir": "/root/autodl-tmp/source_only_clean_20260401/runs_final/local_retest/final_eval/RG11_Strip_WIoU_m__test_original_nondrone_noempty",
  "overall": {
    "metrics/precision(B)": 0.6362177846311725,
    "metrics/recall(B)": 0.5978021482542886,
    "metrics/mAP50(B)": 0.619885804562062,
    "metrics/mAP50-95(B)": 0.33859494773725685,
    "fitness": 0.33859494773725685
  },
  "per_class": [
    {
      "Class": "D00",
      "Images": 1915,
      "Instances": 3693,
      "Box-P": 0.605872,
      "Box-R": 0.540211,
      "Box-F1": 0.571161,
      "mAP50": 0.55996,
      "mAP50-95": 0.309691
    },
    {
      "Class": "D10",
      "Images": 951,
      "Instances": 1475,
      "Box-P": 0.555176,
      "Box-R": 0.505085,
      "Box-F1": 0.528947,
      "mAP50": 0.500513,
      "mAP50-95": 0.235931
    },
    {
      "Class": "D20",
      "Images": 1172,
      "Instances": 1493,
      "Box-P": 0.680914,
      "Box-R": 0.597455,
      "Box-F1": 0.63646,
      "mAP50": 0.65976,
      "mAP50-95": 0.346964
    },
    {
      "Class": "D40",
      "Images": 1008,
      "Instances": 1459,
      "Box-P": 0.702909,
      "Box-R": 0.748458,
      "Box-F1": 0.724969,
      "mAP50": 0.75931,
      "mAP50-95": 0.461794
    }
  ],
  "speed": {
    "preprocess": 0.9226870592672642,
    "inference": 14.999069329122038,
    "loss": 0.0006476451010472186,
    "postprocess": 0.37511217167276906
  },
  "runtime_seconds": 60.97
}