{
  "task_name": "Dynamic + Strip + WIoU s__val_original_nondrone_noempty",
  "model_family": "rg11_dynamic_strip_wiou",
  "model_name": "Dynamic + Strip + WIoU s",
  "scale": "s",
  "dataset_protocol": "original_nondrone_noempty",
  "split": "val",
  "weight_path": "runs_final/deduped_runs/rdd2022_nondrone_nonempty_rg_dynamic_region_loss_strip_wiou/rg_dynamic_region_loss_strip_wiou_yolo11s_nondrone_nonempty/weights/best.pt",
  "save_dir": "/root/autodl-tmp/source_only_clean_20260401/runs_final/local_retest/final_eval/dynamic_strip_wiou_s__val_original_nondrone_noempty",
  "overall": {
    "metrics/precision(B)": 0.6915013360903889,
    "metrics/recall(B)": 0.627249793838127,
    "metrics/mAP50(B)": 0.673833704253864,
    "metrics/mAP50-95(B)": 0.37538734267734214,
    "fitness": 0.37538734267734214
  },
  "per_class": [
    {
      "Class": "D00",
      "Images": 1859,
      "Instances": 3678,
      "Box-P": 0.672909,
      "Box-R": 0.557663,
      "Box-F1": 0.609889,
      "mAP50": 0.611303,
      "mAP50-95": 0.343163
    },
    {
      "Class": "D10",
      "Images": 1010,
      "Instances": 1585,
      "Box-P": 0.645105,
      "Box-R": 0.533123,
      "Box-F1": 0.583792,
      "mAP50": 0.58004,
      "mAP50-95": 0.278629
    },
    {
      "Class": "D20",
      "Images": 1186,
      "Instances": 1511,
      "Box-P": 0.716737,
      "Box-R": 0.643283,
      "Box-F1": 0.678026,
      "mAP50": 0.703551,
      "mAP50-95": 0.385685
    },
    {
      "Class": "D40",
      "Images": 1005,
      "Instances": 1444,
      "Box-P": 0.731254,
      "Box-R": 0.774931,
      "Box-F1": 0.752459,
      "mAP50": 0.800441,
      "mAP50-95": 0.494071
    }
  ],
  "speed": {
    "preprocess": 0.9337757960965823,
    "inference": 5.984112437322372,
    "loss": 0.0006977011698700113,
    "postprocess": 0.36160866191507124
  },
  "runtime_seconds": 29.714
}