{
  "task_name": "Japan FT Dynamic + Strip + WIoU n__val_japan_original_noempty",
  "model_family": "japan_finetune",
  "model_name": "Japan FT Dynamic + Strip + WIoU n",
  "scale": "n",
  "dataset_protocol": "japan_original_noempty",
  "split": "val",
  "weight_path": "runs_final/deduped_runs/rdd2022_japan_nondrone_nonempty_ft/japan_ft_rg11_dynamic_strip_wiou_yolo11n/weights/best.pt",
  "save_dir": "/root/autodl-tmp/source_only_clean_20260401/runs_final/local_retest/final_eval/japan_ft_rg11_dynamic_strip_wiou_yolo11n__val_japan_original_noempty",
  "overall": {
    "metrics/precision(B)": 0.6228733452917774,
    "metrics/recall(B)": 0.5950088097153169,
    "metrics/mAP50(B)": 0.6199326655541525,
    "metrics/mAP50-95(B)": 0.3155516614061991,
    "fitness": 0.3155516614061991
  },
  "per_class": [
    {
      "Class": "Longitudinal Crack",
      "Images": 446,
      "Instances": 644,
      "Box-P": 0.549262,
      "Box-R": 0.46118,
      "Box-F1": 0.501382,
      "mAP50": 0.483431,
      "mAP50-95": 0.227507
    },
    {
      "Class": "Transverse Crack",
      "Images": 331,
      "Instances": 590,
      "Box-P": 0.537213,
      "Box-R": 0.466102,
      "Box-F1": 0.499137,
      "mAP50": 0.483345,
      "mAP50-95": 0.199418
    },
    {
      "Class": "Alligator Crack",
      "Images": 686,
      "Instances": 902,
      "Box-P": 0.68916,
      "Box-R": 0.662971,
      "Box-F1": 0.675812,
      "mAP50": 0.704259,
      "mAP50-95": 0.362536
    },
    {
      "Class": "Pothole",
      "Images": 805,
      "Instances": 1194,
      "Box-P": 0.715859,
      "Box-R": 0.789782,
      "Box-F1": 0.751006,
      "mAP50": 0.808697,
      "mAP50-95": 0.472745
    }
  ],
  "speed": {
    "preprocess": 1.0111372923297355,
    "inference": 2.8539111132156347,
    "loss": 0.0006087902927952338,
    "postprocess": 0.35505940264472075
  },
  "runtime_seconds": 8.435
}