{
  "task_name": "RG11 + DCNv2 + BiFPN s__val_original_nondrone_noempty",
  "model_family": "rg11_dcn_bifpn",
  "model_name": "RG11 + DCNv2 + BiFPN s",
  "scale": "s",
  "dataset_protocol": "original_nondrone_noempty",
  "split": "val",
  "weight_path": "runs_final/deduped_runs/rdd2022_nondrone_nonempty_rg_compare/rg_dcn_bifpn_yolo11s_nondrone_nonempty/weights/best.pt",
  "save_dir": "/root/autodl-tmp/source_only_clean_20260401/runs_final/local_retest/final_eval/dcn_bifpn_s__val_original_nondrone_noempty",
  "overall": {
    "metrics/precision(B)": 0.6888087831819059,
    "metrics/recall(B)": 0.6254309635683369,
    "metrics/mAP50(B)": 0.6743617470126615,
    "metrics/mAP50-95(B)": 0.37326671966924,
    "fitness": 0.37326671966924
  },
  "per_class": [
    {
      "Class": "D00",
      "Images": 1859,
      "Instances": 3678,
      "Box-P": 0.6577,
      "Box-R": 0.556552,
      "Box-F1": 0.602913,
      "mAP50": 0.604483,
      "mAP50-95": 0.339128
    },
    {
      "Class": "D10",
      "Images": 1010,
      "Instances": 1585,
      "Box-P": 0.660714,
      "Box-R": 0.513565,
      "Box-F1": 0.57792,
      "mAP50": 0.583629,
      "mAP50-95": 0.28075
    },
    {
      "Class": "D20",
      "Images": 1186,
      "Instances": 1511,
      "Box-P": 0.718553,
      "Box-R": 0.64593,
      "Box-F1": 0.680309,
      "mAP50": 0.705876,
      "mAP50-95": 0.381934
    },
    {
      "Class": "D40",
      "Images": 1005,
      "Instances": 1444,
      "Box-P": 0.718268,
      "Box-R": 0.785677,
      "Box-F1": 0.750462,
      "mAP50": 0.803459,
      "mAP50-95": 0.491254
    }
  ],
  "speed": {
    "preprocess": 0.4868707963476184,
    "inference": 7.459807893298029,
    "loss": 0.0011950685245635123,
    "postprocess": 0.5024417283500634
  },
  "runtime_seconds": 66.334
}