{
  "task_name": "RG11 + DCNv2 + BiFPN m__val_original_nondrone_noempty",
  "model_family": "rg11_dcn_bifpn",
  "model_name": "RG11 + DCNv2 + BiFPN m",
  "scale": "m",
  "dataset_protocol": "original_nondrone_noempty",
  "split": "val",
  "weight_path": "runs_final/deduped_runs/rdd2022_nondrone_nonempty_rg_compare/rg_dcn_bifpn_yolo11m_nondrone_nonempty/weights/best.pt",
  "save_dir": "/root/autodl-tmp/source_only_clean_20260401/runs_final/local_retest/final_eval/dcn_bifpn_m__val_original_nondrone_noempty",
  "overall": {
    "metrics/precision(B)": 0.6889512229404481,
    "metrics/recall(B)": 0.6239135691484966,
    "metrics/mAP50(B)": 0.6692071563038575,
    "metrics/mAP50-95(B)": 0.3722798017228679,
    "fitness": 0.3722798017228679
  },
  "per_class": [
    {
      "Class": "D00",
      "Images": 1859,
      "Instances": 3678,
      "Box-P": 0.679824,
      "Box-R": 0.560087,
      "Box-F1": 0.614174,
      "mAP50": 0.60951,
      "mAP50-95": 0.336329
    },
    {
      "Class": "D10",
      "Images": 1010,
      "Instances": 1585,
      "Box-P": 0.653807,
      "Box-R": 0.516088,
      "Box-F1": 0.576842,
      "mAP50": 0.576191,
      "mAP50-95": 0.277172
    },
    {
      "Class": "D20",
      "Images": 1186,
      "Instances": 1511,
      "Box-P": 0.700523,
      "Box-R": 0.649239,
      "Box-F1": 0.673907,
      "mAP50": 0.699938,
      "mAP50-95": 0.376743
    },
    {
      "Class": "D40",
      "Images": 1005,
      "Instances": 1444,
      "Box-P": 0.72165,
      "Box-R": 0.77024,
      "Box-F1": 0.745154,
      "mAP50": 0.79119,
      "mAP50-95": 0.498875
    }
  ],
  "speed": {
    "preprocess": 0.920451389503465,
    "inference": 14.986821764021911,
    "loss": 0.0007544737610616344,
    "postprocess": 0.36898605628517245
  },
  "runtime_seconds": 60.346
}