{
  "task_name": "Dynamic + Strip + WIoU s__test_original_nondrone_noempty",
  "model_family": "rg11_dynamic_strip_wiou",
  "model_name": "Dynamic + Strip + WIoU s",
  "scale": "s",
  "dataset_protocol": "original_nondrone_noempty",
  "split": "test",
  "weight_path": "runs_final/deduped_runs/rdd2022_nondrone_nonempty_rg_dynamic_region_loss_strip_wiou/rg_dynamic_region_loss_strip_wiou_yolo11s_nondrone_nonempty/weights/best.pt",
  "save_dir": "/root/autodl-tmp/source_only_clean_20260401/runs_final/local_retest/final_eval/dynamic_strip_wiou_s__test_original_nondrone_noempty",
  "overall": {
    "metrics/precision(B)": 0.6906708418318284,
    "metrics/recall(B)": 0.6172057009604918,
    "metrics/mAP50(B)": 0.6604340599413596,
    "metrics/mAP50-95(B)": 0.36552081572458683,
    "fitness": 0.36552081572458683
  },
  "per_class": [
    {
      "Class": "D00",
      "Images": 1915,
      "Instances": 3693,
      "Box-P": 0.689335,
      "Box-R": 0.553209,
      "Box-F1": 0.613815,
      "mAP50": 0.614795,
      "mAP50-95": 0.344529
    },
    {
      "Class": "D10",
      "Images": 951,
      "Instances": 1475,
      "Box-P": 0.62679,
      "Box-R": 0.527179,
      "Box-F1": 0.572686,
      "mAP50": 0.563579,
      "mAP50-95": 0.27536
    },
    {
      "Class": "D20",
      "Images": 1172,
      "Instances": 1493,
      "Box-P": 0.711767,
      "Box-R": 0.643404,
      "Box-F1": 0.675861,
      "mAP50": 0.695232,
      "mAP50-95": 0.369902
    },
    {
      "Class": "D40",
      "Images": 1008,
      "Instances": 1459,
      "Box-P": 0.734791,
      "Box-R": 0.745031,
      "Box-F1": 0.739875,
      "mAP50": 0.768131,
      "mAP50-95": 0.472293
    }
  ],
  "speed": {
    "preprocess": 0.9266696761208943,
    "inference": 5.981877666593087,
    "loss": 0.000676371519441275,
    "postprocess": 0.36107546551121417
  },
  "runtime_seconds": 29.77
}