{
  "task_name": "RG11m__val_original_nondrone_noempty",
  "model_family": "rg11_original",
  "model_name": "RG11m",
  "scale": "m",
  "dataset_protocol": "original_nondrone_noempty",
  "split": "val",
  "weight_path": "runs_final/deduped_runs/rdd2022_nondrone_nonempty_rg_compare/rg_original_yolo11m_nondrone_nonempty/weights/best.pt",
  "save_dir": "/root/autodl-tmp/source_only_clean_20260401/runs_final/local_retest/final_eval/original_m__val_original_nondrone_noempty",
  "overall": {
    "metrics/precision(B)": 0.6929657970431328,
    "metrics/recall(B)": 0.6184136870712108,
    "metrics/mAP50(B)": 0.6672091469814228,
    "metrics/mAP50-95(B)": 0.3703131298411555,
    "fitness": 0.3703131298411555
  },
  "per_class": [
    {
      "Class": "D00",
      "Images": 1859,
      "Instances": 3678,
      "Box-P": 0.665068,
      "Box-R": 0.560359,
      "Box-F1": 0.60824,
      "mAP50": 0.610984,
      "mAP50-95": 0.338546
    },
    {
      "Class": "D10",
      "Images": 1010,
      "Instances": 1585,
      "Box-P": 0.649192,
      "Box-R": 0.51041,
      "Box-F1": 0.571496,
      "mAP50": 0.573203,
      "mAP50-95": 0.274755
    },
    {
      "Class": "D20",
      "Images": 1186,
      "Instances": 1511,
      "Box-P": 0.710073,
      "Box-R": 0.645268,
      "Box-F1": 0.676121,
      "mAP50": 0.69374,
      "mAP50-95": 0.377268
    },
    {
      "Class": "D40",
      "Images": 1005,
      "Instances": 1444,
      "Box-P": 0.74753,
      "Box-R": 0.757618,
      "Box-F1": 0.75254,
      "mAP50": 0.790909,
      "mAP50-95": 0.490684
    }
  ],
  "speed": {
    "preprocess": 0.9335278675604582,
    "inference": 14.690812071059234,
    "loss": 0.0006605973223371694,
    "postprocess": 0.3611211377001749
  },
  "runtime_seconds": 63.53
}