{
  "task_name": "RG11 + DCNv2 + BiFPN s__test_original_nondrone_noempty",
  "model_family": "rg11_dcn_bifpn",
  "model_name": "RG11 + DCNv2 + BiFPN s",
  "scale": "s",
  "dataset_protocol": "original_nondrone_noempty",
  "split": "test",
  "weight_path": "runs_final/deduped_runs/rdd2022_nondrone_nonempty_rg_compare/rg_dcn_bifpn_yolo11s_nondrone_nonempty/weights/best.pt",
  "save_dir": "/root/autodl-tmp/source_only_clean_20260401/runs_final/local_retest/final_eval/dcn_bifpn_s__test_original_nondrone_noempty",
  "overall": {
    "metrics/precision(B)": 0.6899586335210979,
    "metrics/recall(B)": 0.6212906496370774,
    "metrics/mAP50(B)": 0.6671293538383674,
    "metrics/mAP50-95(B)": 0.3664651018450932,
    "fitness": 0.3664651018450932
  },
  "per_class": [
    {
      "Class": "D00",
      "Images": 1915,
      "Instances": 3693,
      "Box-P": 0.669242,
      "Box-R": 0.562415,
      "Box-F1": 0.611196,
      "mAP50": 0.61627,
      "mAP50-95": 0.346348
    },
    {
      "Class": "D10",
      "Images": 951,
      "Instances": 1475,
      "Box-P": 0.651544,
      "Box-R": 0.524746,
      "Box-F1": 0.581311,
      "mAP50": 0.578021,
      "mAP50-95": 0.279944
    },
    {
      "Class": "D20",
      "Images": 1172,
      "Instances": 1493,
      "Box-P": 0.714322,
      "Box-R": 0.638312,
      "Box-F1": 0.674182,
      "mAP50": 0.700608,
      "mAP50-95": 0.369971
    },
    {
      "Class": "D40",
      "Images": 1008,
      "Instances": 1459,
      "Box-P": 0.724726,
      "Box-R": 0.759689,
      "Box-F1": 0.741796,
      "mAP50": 0.773618,
      "mAP50-95": 0.469597
    }
  ],
  "speed": {
    "preprocess": 0.9188754358571667,
    "inference": 5.987610174730358,
    "loss": 0.0007159977400589213,
    "postprocess": 0.3642277441827191
  },
  "runtime_seconds": 29.798
}