{
  "task_name": "RG11 + Strip + WIoU sfront-p5wide m__test_original_nondrone_noempty",
  "model_family": "deep_channel_sfront_p5wide_m",
  "model_name": "RG11 + Strip + WIoU sfront-p5wide m",
  "scale": "m",
  "dataset_protocol": "original_nondrone_noempty",
  "split": "test",
  "weight_path": "runs_final/deduped_runs/rdd2022_nondrone_nonempty_rg_strip_wiou_sfront_p5wide_m/rg_strip_wiou_sfront_p5wide_m_nondrone_nonempty/weights/best.pt",
  "save_dir": "/root/autodl-tmp/source_only_clean_20260401/runs_final/local_retest/final_eval/rg_strip_wiou_sfront_p5wide_m_nondrone_nonempty__test_original_nondrone_noempty",
  "overall": {
    "metrics/precision(B)": 0.6804046183152956,
    "metrics/recall(B)": 0.6254587727168237,
    "metrics/mAP50(B)": 0.6581024294596246,
    "metrics/mAP50-95(B)": 0.36377075015782595,
    "fitness": 0.36377075015782595
  },
  "per_class": [
    {
      "Class": "D00",
      "Images": 1915,
      "Instances": 3693,
      "Box-P": 0.670995,
      "Box-R": 0.555014,
      "Box-F1": 0.607518,
      "mAP50": 0.609636,
      "mAP50-95": 0.341203
    },
    {
      "Class": "D10",
      "Images": 951,
      "Instances": 1475,
      "Box-P": 0.629572,
      "Box-R": 0.541017,
      "Box-F1": 0.581945,
      "mAP50": 0.564476,
      "mAP50-95": 0.273121
    },
    {
      "Class": "D20",
      "Images": 1172,
      "Instances": 1493,
      "Box-P": 0.697365,
      "Box-R": 0.659036,
      "Box-F1": 0.677659,
      "mAP50": 0.697724,
      "mAP50-95": 0.371335
    },
    {
      "Class": "D40",
      "Images": 1008,
      "Instances": 1459,
      "Box-P": 0.723686,
      "Box-R": 0.746768,
      "Box-F1": 0.735046,
      "mAP50": 0.760573,
      "mAP50-95": 0.469424
    }
  ],
  "speed": {
    "preprocess": 0.9350611685868516,
    "inference": 7.068085054827141,
    "loss": 0.0006508597188618843,
    "postprocess": 0.36274448831526945
  },
  "runtime_seconds": 33.711
}