{
  "task_name": "RG11m__test_original_nondrone_noempty",
  "model_family": "rg11_original",
  "model_name": "RG11m",
  "scale": "m",
  "dataset_protocol": "original_nondrone_noempty",
  "split": "test",
  "weight_path": "runs_final/deduped_runs/rdd2022_nondrone_nonempty_rg_compare/rg_original_yolo11m_nondrone_nonempty/weights/best.pt",
  "save_dir": "/root/autodl-tmp/source_only_clean_20260401/runs_final/local_retest/final_eval/original_m__test_original_nondrone_noempty",
  "overall": {
    "metrics/precision(B)": 0.6823982776009331,
    "metrics/recall(B)": 0.625939278934722,
    "metrics/mAP50(B)": 0.6623631063942564,
    "metrics/mAP50-95(B)": 0.36421575205033613,
    "fitness": 0.36421575205033613
  },
  "per_class": [
    {
      "Class": "D00",
      "Images": 1915,
      "Instances": 3693,
      "Box-P": 0.662067,
      "Box-R": 0.56756,
      "Box-F1": 0.611182,
      "mAP50": 0.618896,
      "mAP50-95": 0.343854
    },
    {
      "Class": "D10",
      "Images": 951,
      "Instances": 1475,
      "Box-P": 0.65086,
      "Box-R": 0.540339,
      "Box-F1": 0.590472,
      "mAP50": 0.578343,
      "mAP50-95": 0.281798
    },
    {
      "Class": "D20",
      "Images": 1172,
      "Instances": 1493,
      "Box-P": 0.68774,
      "Box-R": 0.644658,
      "Box-F1": 0.665503,
      "mAP50": 0.689947,
      "mAP50-95": 0.365885
    },
    {
      "Class": "D40",
      "Images": 1008,
      "Instances": 1459,
      "Box-P": 0.728926,
      "Box-R": 0.751199,
      "Box-F1": 0.739895,
      "mAP50": 0.762266,
      "mAP50-95": 0.465326
    }
  ],
  "speed": {
    "preprocess": 0.9271491932184569,
    "inference": 14.672903863437076,
    "loss": 0.0006687681735714207,
    "postprocess": 0.3656582512926064
  },
  "runtime_seconds": 63.439
}