{
  "task_name": "RG11 + Strip + WIoU s__test_original_nondrone_noempty",
  "model_family": "rg11_strip_wiou",
  "model_name": "RG11 + Strip + WIoU s",
  "scale": "s",
  "dataset_protocol": "original_nondrone_noempty",
  "split": "test",
  "weight_path": "runs_final/deduped_runs/rdd2022_nondrone_nonempty_rg_strip_wiou/rg_strip_wiou_yolo11s_nondrone_nonempty/weights/best.pt",
  "save_dir": "/root/autodl-tmp/source_only_clean_20260401/runs_final/local_retest/final_eval/strip_wiou_s__test_original_nondrone_noempty",
  "overall": {
    "metrics/precision(B)": 0.6759518652984227,
    "metrics/recall(B)": 0.630938409879698,
    "metrics/mAP50(B)": 0.6594833600166303,
    "metrics/mAP50-95(B)": 0.36464402352059644,
    "fitness": 0.36464402352059644
  },
  "per_class": [
    {
      "Class": "D00",
      "Images": 1915,
      "Instances": 3693,
      "Box-P": 0.65668,
      "Box-R": 0.56973,
      "Box-F1": 0.610123,
      "mAP50": 0.613167,
      "mAP50-95": 0.340361
    },
    {
      "Class": "D10",
      "Images": 951,
      "Instances": 1475,
      "Box-P": 0.625615,
      "Box-R": 0.537627,
      "Box-F1": 0.578293,
      "mAP50": 0.563863,
      "mAP50-95": 0.276739
    },
    {
      "Class": "D20",
      "Images": 1172,
      "Instances": 1493,
      "Box-P": 0.693757,
      "Box-R": 0.661085,
      "Box-F1": 0.677027,
      "mAP50": 0.69912,
      "mAP50-95": 0.373344
    },
    {
      "Class": "D40",
      "Images": 1008,
      "Instances": 1459,
      "Box-P": 0.727755,
      "Box-R": 0.755312,
      "Box-F1": 0.741277,
      "mAP50": 0.761784,
      "mAP50-95": 0.468133
    }
  ],
  "speed": {
    "preprocess": 0.9207375485103034,
    "inference": 5.984834654504399,
    "loss": 0.0006408852377200448,
    "postprocess": 0.36688810339886047
  },
  "runtime_seconds": 29.832
}